,FILING_SEQ_NO,ASSESSMENT_YEAR,FORM_ID,GENDER,RES_STATUS,SALARIES,INCOME_HP,PRFT_GAIN_BP_OTHR_SPECLTV_BUS,PRFT_GAIN_BP_SPECLTV_BUS,PRFT_GAIN_BP_SPCFD_BUS,PRFT_GAIN_BP_INC_115BBF,TOTAL_PROFTS_GAINS_BP,ST_CG_AMT_1,ST_CG_AMT_2,LTCG_INDEXATION,ST_CG_AMT_APPRATE,LTCG_NO_INDEXATION,TOTAL_SCTG,LT_CG_AMT_1,LT_CG_AMT_2,TOTAL_LTCG,TOTAL_CAP_GAIN,INCOME_OS_NOT_RACEHORSE,INC_CHARBLE_SPL_RATE,WIN_LOT_PUZ,INCOME_OS_RACEHORSE,TOTAL_INCOME_OS,GTI_BEFORE_LOSSES,CYL_SET_OFF,BAL_AFTR_CYL_SET_OFF,BFL_SET_OFF_BALANCE,GROSS_TOTAL_INCOME,INC_CHG_TAX_SPL_RATES,DEDUCT_SEC_10A_OR_10AA,PARTB_CHAPTER_VIA,PARTC_CHAPTER_VIA,TOTAL_DEDUC_VIA,TOTAL_INCOME,INC_SPL_111A_112,NET_AGRC_INCOME,AGGREGATE_INCOME,CY_LOSS_CARRYFWD,TAX_PAYBLE_TI_SEC115JC,SURCHARGE_ON_DEEMED_TI,EDUCATION_CESS_SEC115JC,TOTAL_TAX_PAYBL_SEC115JC,TAX_NORMAL_RATE,TAX_SI_RATE,REBATE_AGRC_INCOME,TAX_PAYABL_TOT_INCOM,REBATE_87A,TAX_PAYABLE_ON_REBATE,SURCHARGE_25OFSI,SURCHARGE_ON_ABOVE_CRORE,TOTAL_SURCHARGE,REBATE,BALANCE_TAX_PAYABLE,EDUCATION_CESS,GROSS_TAX_LIABILITY,GROSS_TAX_PAYABLE,CRDEDIT_US115JD_EY,TAX_PAYBLE_AFTR_CRDT_SEC115JD,RELIEF_89,RELIEF_90,RELIEF_91,TOTAL_RELIEF,NET_TAX_LIABILTY,INT_PAYABLE_234A,INT_PAYABLE_234B,INT_PAYABLE_234C,TOTAL_INT_PAYABLE,AGGREGATE_LIABILTY,ADVANCE_TAX,TOTAL_TDS,TOTAL_TCS,SELF_ASSESMNT_TAX,TOTAL_TAX_PAID,TAX_PAYBL,REFUND_AMOUNT,AGE,EDUCATION_CESS_115JC,AGEGRP
0,328228799,2017,ITR-1,M,RES,1744592.1,-36381,0,0,0,0,0,0,0,0,0,0,0,0,0,0,0,0,0,0,0,0,1708211,0,0,0,1708211,0,0,0,0,151298,1556910,0,0,0,0,0,0,0,0,292073,0,0,292073,0,292073,0,0,0,0,0,8762,300835,300835,0,0,0,0,0,0,300835,0,0,0,0,300835,0,300838,0,0,300838,0,0,50,0,0
1,327959593,2017,ITR-1,F,RES,0.1,0,0,0,0,0,0,0,0,0,0,0,0,0,0,0,0,0,0,0,0,187228,187228,0,0,0,187228,0,0,0,0,3824,183400,0,0,0,0,0,0,0,0,0,0,0,0,0,0,0,0,0,0,0,0,0,0,0,0,0,0,0,0,0,0,0,0,0,0,0,1215,0,0,1215,0,1220,70,0,1
2,316543975,2017,ITR-1,F,RES,639667.1,-108000,0,0,0,0,0,0,0,0,0,0,0,0,0,0,0,0,0,0,0,117830,649497,0,0,0,649497,0,0,0,0,150000,499500,0,0,0,0,0,0,0,0,24950,0,0,24950,5000,19950,0,0,0,0,0,599,20549,20549,0,0,0,0,0,0,20549,0,0,0,0,20549,0,21894,0,0,21894,0,1350,37,0,0
3,342873687,2017,ITR-1,F,RES,429920.1,0,0,0,0,0,0,0,0,0,0,0,0,0,0,0,0,0,0,0,0,29351,459271,0,0,0,459271,0,0,0,0,160466,298810,0,0,0,0,0,0,0,0,4881,0,0,4881,4881,0,0,0,0,0,0,0,0,0,0,0,0,0,0,0,0,0,0,0,0,0,0,4135,0,0,4135,0,4140,29,0,0
4,334803654,2017,ITR-1,M,RES,333500.1,0,0,0,0,0,0,0,0,0,0,0,0,0,0,0,0,0,0,0,0,5230,338730,0,0,0,338730,0,0,0,0,44030,294700,0,0,0,0,0,0,0,0,4470,0,0,4470,4470,0,0,0,0,0,0,0,0,0,0,0,0,0,0,0,0,0,0,0,0,0,0,0,0,0,0,0,0,45,0,0
5,280077364,2017,ITR-1,F,RES,0.1,0,0,0,0,0,0,0,0,0,0,0,0,0,0,0,0,0,0,0,0,248348,248348,0,0,0,248348,0,0,0,0,848,247500,0,0,0,0,0,0,0,0,0,0,0,0,0,0,0,0,0,0,0,0,0,0,0,0,0,0,0,0,0,0,0,0,0,0,0,0,0,0,0,0,0,36,0,0
6,304172877,2017,ITR-1,M,RES,775402.1,-60128,0,0,0,0,0,0,0,0,0,0,0,0,0,0,0,0,0,0,0,0,715274,0,0,0,715274,0,0,0,0,150000,565270,0,0,0,0,0,0,0,0,38054,0,0,38054,0,38054,0,0,0,0,0,1142,39196,39196,0,0,0,0,0,0,39196,0,0,0,0,39196,0,51583,0,0,51583,0,12390,47,0,0
7,300871989,2017,ITR-1,M,RES,0.1,0,0,0,0,0,0,0,0,0,0,0,0,0,0,0,0,0,0,0,0,418019,418019,0,0,0,418019,0,0,0,0,91611,326410,0,0,0,0,0,0,0,0,7641,0,0,7641,5000,2641,0,0,0,0,0,79,2720,2720,0,0,0,0,0,0,2720,0,0,0,0,2720,0,24768,0,0,24768,0,22050,35,0,0
8,282796067,2017,ITR-1,M,RES,438576.1,0,0,0,0,0,0,0,0,0,0,0,0,0,0,0,0,0,0,0,0,0,438576,0,0,0,438576,0,0,0,0,80430,358150,0,0,0,0,0,0,0,0,10815,0,0,10815,5000,5815,0,0,0,0,0,174,5989,5989,0,0,0,0,0,0,5989,0,0,0,0,5989,0,38670,0,0,38670,0,32680,35,0,0
9,287261011,2017,ITR-1,M,RES,939596.1,0,0,0,0,0,0,0,0,0,0,0,0,0,0,0,0,0,0,0,0,51185,990781,0,0,0,990781,0,0,0,0,165000,825780,0,0,0,0,0,0,0,0,90156,0,0,90156,0,90156,0,0,0,0,0,2705,92861,92861,0,0,0,0,0,0,92861,0,0,0,0,92861,0,89496,0,3370,92866,0,10,34,0,0
10,299001469,2017,ITR-1,M,RES,702532.1,0,0,0,0,0,0,0,0,0,0,0,0,0,0,0,0,0,0,0,0,2589,705121,0,0,0,705121,0,0,0,0,74693,630430,0,0,0,0,0,0,0,0,51086,0,0,51086,0,51086,0,0,0,0,0,1533,52619,52619,0,0,0,0,0,0,52619,0,0,0,0,52619,0,52620,0,0,52620,0,0,35,0,0
11,321019025,2017,ITR-1,M,RES,362397.1,0,0,0,0,0,0,0,0,0,0,0,0,0,0,0,0,0,0,0,0,0,362397,0,0,0,362397,0,0,0,0,46909,315490,0,0,0,0,0,0,0,0,6549,0,0,6549,5000,1549,0,0,0,0,0,46,1595,1595,0,0,0,0,0,0,1595,0,0,0,0,1595,0,3208,0,0,3208,0,1610,32,0,0
12,337635044,2017,ITR-1,M,RES,438927.1,-137601,0,0,0,0,0,0,0,0,0,0,0,0,0,0,0,0,0,0,0,0,301326,0,0,0,301326,0,0,0,0,46959,254370,0,0,0,0,0,0,0,0,437,0,0,437,437,0,0,0,0,0,0,0,0,0,0,0,0,0,0,0,0,0,0,0,0,0,0,0,0,0,0,0,0,34,0,0
13,294004415,2017,ITR-1,M,RES,262080.1,-45000,0,0,0,0,0,0,0,0,0,0,0,0,0,0,0,0,0,0,0,24845,241925,0,0,0,241925,0,0,0,0,0,241930,0,0,0,0,0,0,0,0,0,0,0,0,0,0,0,0,0,0,0,0,0,0,0,0,0,0,0,0,0,0,0,0,0,0,0,2485,0,0,2485,0,2490,30,0,0
14,325770672,2017,ITR-1,F,RES,0.1,84000,0,0,0,0,0,0,0,0,0,0,0,0,0,0,0,0,0,0,0,157782,241782,0,0,0,241782,0,0,0,0,5970,235810,0,0,0,0,0,0,0,0,0,0,0,0,0,0,0,0,0,0,0,0,0,0,0,0,0,0,0,0,0,0,0,0,0,0,0,3099,0,0,3099,0,3100,43,0,0
15,284730712,2017,ITR-1,M,RES,0.1,0,0,0,0,0,0,0,0,0,0,0,0,0,0,0,0,0,0,0,0,485686,485686,0,0,0,485686,0,0,0,0,154500,331190,0,0,0,0,0,0,0,0,8119,0,0,8119,5000,3119,0,0,0,0,0,94,3213,3213,0,0,0,0,0,0,3213,0,0,0,0,3213,0,52224,0,0,52224,0,49010,35,0,0
16,329352035,2017,ITR-1,F,RES,0.1,0,0,0,0,0,0,0,0,0,0,0,0,0,0,0,0,0,0,0,0,467782,467782,0,0,0,467782,0,0,0,0,6966,460820,0,0,0,0,0,0,0,0,16082,0,0,16082,5000,11082,0,0,0,0,0,332,11414,11414,0,0,0,0,0,0,11414,0,0,0,0,11414,0,30193,0,0,30193,0,18780,79,0,1
17,275635940,2017,ITR-1,F,RES,414320.1,0,0,0,0,0,0,0,0,0,0,0,0,0,0,0,0,0,0,0,0,19506,433826,0,0,0,433826,0,0,0,0,159036,274790,0,0,0,0,0,0,0,0,2479,0,0,2479,2479,0,0,0,0,0,0,0,0,0,0,0,0,0,0,0,0,0,0,0,0,0,0,1047,0,0,1047,0,1050,46,0,0
18,275246191,2017,ITR-1,F,RES,0.1,0,0,0,0,0,0,0,0,0,0,0,0,0,0,0,0,0,0,0,0,240150,240150,0,0,0,240150,0,0,0,0,0,240150,0,0,0,0,0,0,0,0,0,0,0,0,0,0,0,0,0,0,0,0,0,0,0,0,0,0,0,0,0,0,0,0,0,0,0,0,0,0,0,0,0,32,0,0
19,269765558,2017,ITR-1,M,RES,501062.1,0,0,0,0,0,0,0,0,0,0,0,0,0,0,0,0,0,0,0,0,3906,504968,0,0,0,504968,0,0,0,0,162675,342290,0,0,0,0,0,0,0,0,9229,0,0,9229,5000,4229,0,0,0,0,0,127,4356,4356,0,0,0,0,0,0,4356,0,0,0,0,4356,0,14841,0,0,14841,0,10490,55,0,0
20,277438908,2017,ITR-1,M,RES,900437.1,0,0,0,0,0,0,0,0,0,0,0,0,0,0,0,0,0,0,0,0,0,900437,0,0,0,900437,0,0,0,0,184720,715720,0,0,0,0,0,0,0,0,68144,0,0,68144,0,68144,0,0,0,0,0,2044,70188,70188,0,0,0,0,0,0,70188,0,0,0,0,70188,0,93448,0,0,93448,0,23260,59,0,0
21,276728264,2017,ITR-1,M,RES,1828537.1,0,0,0,0,0,0,0,0,0,0,0,0,0,0,0,0,0,0,0,0,35301,1863838,0,0,0,1863838,0,0,0,0,157464,1706370,0,0,0,0,0,0,0,0,336911,0,0,336911,0,336911,0,0,0,0,0,10107,347018,347018,0,0,0,0,0,0,347018,0,0,0,0,347018,0,350137,0,0,350137,0,3120,53,0,0
22,339647341,2017,ITR-1,M,RES,1067383.1,0,0,0,0,0,0,0,0,0,0,0,0,0,0,0,0,0,0,0,0,0,1067383,0,0,0,1067383,0,0,0,0,67132,1000250,0,0,0,0,0,0,0,0,120075,0,0,120075,0,120075,0,0,0,0,0,3602,123677,123677,0,0,0,0,0,0,123677,0,0,0,0,123677,0,123679,0,0,123679,0,0,65,0,1
23,307107911,2017,ITR-1,M,RES,2222516.1,0,0,0,0,0,0,0,0,0,0,0,0,0,0,0,0,0,0,0,0,0,2222516,0,0,0,2222516,0,0,0,0,150000,2072520,0,0,0,0,0,0,0,0,441756,0,0,441756,0,441756,0,0,0,0,0,13253,455009,455009,0,0,0,0,0,0,455009,0,0,0,0,455009,100000,362159,0,0,462159,0,7150,65,0,1
24,324860894,2017,ITR-1,M,RES,1116610.1,0,0,0,0,0,0,0,0,0,0,0,0,0,0,0,0,0,0,0,0,54000,1170610,0,0,0,1170610,0,0,0,0,71600,1099010,0,0,0,0,0,0,0,0,154703,0,0,154703,0,154703,0,0,0,0,0,4641,159344,159344,0,0,0,0,0,0,159344,0,0,0,0,159344,0,163508,0,0,163508,0,4160,33,0,0
25,275638313,2017,ITR-1,M,RES,830203.1,-92863,0,0,0,0,0,0,0,0,0,0,0,0,0,0,0,0,0,0,0,0,737340,0,0,0,737340,0,0,0,0,150000,587340,0,0,0,0,0,0,0,0,42468,0,0,42468,0,42468,0,0,0,0,0,1274,43742,43742,0,0,0,0,0,0,43742,0,0,0,0,43742,0,53050,0,0,53050,0,9310,52,0,0
26,293505098,2017,ITR-1,M,RES,660956.1,-111772,0,0,0,0,0,0,0,0,0,0,0,0,0,0,0,0,0,0,0,0,549184,0,0,0,549184,0,0,0,0,150000,399180,0,0,0,0,0,0,0,0,14918,0,0,14918,5000,9918,0,0,0,0,0,298,10216,10216,0,0,0,0,0,0,10216,0,0,0,0,10216,0,28008,0,0,28008,0,17790,43,0,0
27,327892511,2017,ITR-1,M,RES,115000.1,0,0,0,0,0,0,0,0,0,0,0,0,0,0,0,0,0,0,0,0,192056,307056,0,0,0,307056,0,0,0,0,78178,228880,0,0,0,0,0,0,0,0,0,0,0,0,0,0,0,0,0,0,0,0,0,0,0,0,0,0,0,0,0,0,0,0,0,0,0,0,0,0,0,0,0,36,0,0
28,282865021,2017,ITR-1,M,RES,1656256.1,0,0,0,0,0,0,0,0,0,0,0,0,0,0,0,0,0,0,0,0,0,1656256,0,0,0,1656256,0,0,0,0,150000,1506260,0,0,0,0,0,0,0,0,276878,0,0,276878,0,276878,0,0,0,0,0,8306,285184,285184,0,0,0,0,0,0,285184,0,0,0,0,285184,0,331533,0,0,331533,0,46350,33,0,0
29,337125160,2017,ITR-1,F,RES,120000.1,0,0,0,0,0,0,0,0,0,0,0,0,0,0,0,0,0,0,0,0,9175,129175,0,0,0,129175,0,0,0,0,175,129000,0,0,0,0,0,0,0,0,0,0,0,0,0,0,0,0,0,0,0,0,0,0,0,0,0,0,0,0,0,0,0,0,0,0,0,0,0,0,0,0,0,56,0,0
30,282416815,2017,ITR-1,M,RES,851676.1,-200000,0,0,0,0,0,0,0,0,0,0,0,0,0,0,0,0,0,0,0,37708,689384,0,0,0,689384,0,0,0,0,190000,499380,0,0,0,0,0,0,0,0,24938,0,0,24938,5000,19938,0,0,0,0,0,598,20536,20536,0,0,0,0,0,0,20536,0,0,0,0,20536,0,22685,0,0,22685,0,2150,34,0,0
31,294386811,2017,ITR-1,M,RES,281048.1,0,0,0,0,0,0,0,0,0,0,0,0,0,0,0,0,0,0,0,0,0,281048,0,0,0,281048,0,0,0,0,20797,260250,0,0,0,0,0,0,0,0,1025,0,0,1025,1025,0,0,0,0,0,0,0,0,0,0,0,0,0,0,0,0,0,0,0,0,0,0,7356,0,0,7356,0,7360,30,0,0
32,338763539,2017,ITR-1,M,RES,279600.1,0,0,0,0,0,0,0,0,0,0,0,0,0,0,0,0,0,0,0,0,1930,281530,0,0,0,281530,0,0,0,0,26430,255100,0,0,0,0,0,0,0,0,510,0,0,510,510,0,0,0,0,0,0,0,0,0,0,0,0,0,0,0,0,0,0,0,0,0,0,0,0,0,0,0,0,30,0,0
33,292525061,2017,ITR-1,M,RES,514812.1,0,0,0,0,0,0,0,0,0,0,0,0,0,0,0,0,0,0,0,0,0,514812,0,0,0,514812,0,0,0,0,221500,293310,0,0,0,0,0,0,0,0,4331,0,0,4331,4331,0,0,0,0,0,0,0,0,0,0,0,0,0,0,0,0,0,0,0,0,0,0,8957,0,0,8957,0,8960,40,0,0
34,299762613,2017,ITR-1,M,RES,0.1,0,0,0,0,0,0,0,0,0,0,0,0,0,0,0,0,0,0,0,0,457700,457700,0,0,0,457700,0,0,0,0,9920,447780,0,0,0,0,0,0,0,0,14778,0,0,14778,5000,9778,0,0,0,0,0,294,10072,10072,0,0,0,0,0,0,10072,0,0,0,0,10072,0,10141,0,0,10141,0,70,60,0,1
35,284028226,2017,ITR-1,M,RES,666547.1,-3252,0,0,0,0,0,0,0,0,0,0,0,0,0,0,0,0,0,0,0,0,663295,0,0,0,663295,0,0,0,0,158000,505300,0,0,0,0,0,0,0,0,26060,0,0,26060,0,26060,0,0,0,0,0,782,26842,26842,0,0,0,0,0,0,26842,0,0,0,0,26842,0,26842,0,0,26842,0,0,41,0,0
36,286102193,2017,ITR-1,M,RES,1093565.1,0,0,0,0,0,0,0,0,0,0,0,0,0,0,0,0,0,0,0,0,0,1093565,0,0,0,1093565,0,0,0,0,185291,908270,0,0,0,0,0,0,0,0,106654,0,0,106654,0,106654,0,0,0,0,0,3200,109854,109854,0,0,0,0,0,0,109854,0,0,0,0,109854,0,133875,0,0,133875,0,24020,38,0,0
37,336923804,2017,ITR-1,F,RES,0.1,343637,0,0,0,0,0,0,0,0,0,0,0,0,0,0,0,0,0,0,0,12231,355868,0,0,0,355868,0,0,0,0,2968,352900,0,0,0,0,0,0,0,0,10290,0,0,10290,5000,5290,0,0,0,0,0,159,5449,5449,0,0,0,0,0,0,5449,0,0,0,0,5449,0,50797,0,0,50797,0,45350,50,0,0
38,280370173,2017,ITR-1,M,RES,980000.1,0,0,0,0,0,0,0,0,0,0,0,0,0,0,0,0,0,0,0,0,23578,1003578,0,0,0,1003578,0,0,0,0,119912,883670,0,0,0,0,0,0,0,0,101734,0,0,101734,0,101734,0,0,0,0,0,3052,104786,104786,0,0,0,0,0,0,104786,0,0,0,0,104786,0,178875,0,0,178875,0,74090,46,0,0
39,279150712,2017,ITR-1,M,RES,582960.1,-116382,0,0,0,0,0,0,0,0,0,0,0,0,0,0,0,0,0,0,0,35056,501634,0,0,0,501634,0,0,0,0,120536,381100,0,0,0,0,0,0,0,0,13110,0,0,13110,5000,8110,0,0,0,0,0,243,8353,8353,0,0,0,0,0,0,8353,0,0,0,0,8353,0,20236,0,0,20236,0,11880,33,0,0
40,297167180,2017,ITR-1,M,RES,548119.1,0,0,0,0,0,0,0,0,0,0,0,0,0,0,0,0,0,0,0,0,2737,550856,0,0,0,550856,0,0,0,0,114623,436230,0,0,0,0,0,0,0,0,18623,0,0,18623,5000,13623,0,0,0,0,0,409,14032,14032,0,0,0,0,0,0,14032,0,0,0,0,14032,0,19089,0,0,19089,0,5060,31,0,0
41,289946658,2017,ITR-1,F,RES,613998.1,0,0,0,0,0,0,0,0,0,0,0,0,0,0,0,0,0,0,0,0,0,613998,0,0,0,613998,0,0,0,0,121405,492590,0,0,0,0,0,0,0,0,24259,0,0,24259,5000,19259,0,0,0,0,0,578,19837,19837,0,0,0,0,0,0,19837,0,0,0,0,19837,0,19837,0,0,19837,0,0,33,0,0
42,287203528,2017,ITR-1,F,RES,0.1,97649,0,0,0,0,0,0,0,0,0,0,0,0,0,0,0,0,0,0,0,89204,186853,0,0,0,186853,0,0,0,0,172562,14290,0,0,0,0,0,0,0,0,0,0,0,0,0,0,0,0,0,0,0,0,0,0,0,0,0,0,0,0,0,0,0,0,0,0,0,0,0,0,0,0,0,57,0,0
43,295361756,2017,ITR-1,M,RES,362171.1,-77997,0,0,0,0,0,0,0,0,0,0,0,0,0,0,0,0,0,0,0,15807,299981,0,0,0,299981,0,0,0,0,69016,230970,0,0,0,0,0,0,0,0,0,0,0,0,0,0,0,0,0,0,0,0,0,0,0,0,0,0,0,0,0,0,0,0,0,0,0,0,0,0,0,0,0,31,0,0
44,289425755,2017,ITR-1,M,RES,1008933.1,0,0,0,0,0,0,0,0,0,0,0,0,0,0,0,0,0,0,0,0,0,1008933,0,0,0,1008933,0,0,0,0,231565,777370,0,0,0,0,0,0,0,0,80474,0,0,80474,0,80474,0,0,0,0,0,2414,82888,82888,0,0,0,0,0,0,82888,0,0,0,0,82888,0,89044,0,0,89044,0,6160,37,0,0
45,291911510,2017,ITR-1,M,RES,2647647.1,-110993,0,0,0,0,0,0,0,0,0,0,0,0,0,0,0,0,0,0,0,0,2536654,0,0,0,2536654,0,0,0,0,150000,2386650,0,0,0,0,0,0,0,0,540995,0,0,540995,0,540995,0,0,0,0,0,16230,557225,557225,0,0,0,0,0,0,557225,0,0,0,0,557225,0,557228,0,0,557228,0,0,33,0,0
46,311299463,2017,ITR-1,M,RES,1091230.1,0,0,0,0,0,0,0,0,0,0,0,0,0,0,0,0,0,0,0,0,1338,1092568,0,0,0,1092568,0,0,0,0,45230,1047340,0,0,0,0,0,0,0,0,139202,0,0,139202,0,139202,0,0,0,0,0,4176,143378,143378,0,0,0,0,0,0,143378,0,0,0,0,143378,0,145200,0,0,145200,0,1820,56,0,0
47,335481524,2017,ITR-1,M,RES,857876.1,-200000,0,0,0,0,0,0,0,0,0,0,0,0,0,0,0,0,0,0,0,0,657876,0,0,0,657876,0,0,0,0,150000,507880,0,0,0,0,0,0,0,0,26576,0,0,26576,0,26576,0,0,0,0,0,797,27373,27373,0,0,0,0,0,0,27373,0,0,0,0,27373,0,27372,0,0,27372,0,0,33,0,0
48,275655816,2017,ITR-1,M,RES,661693.1,0,0,0,0,0,0,0,0,0,0,0,0,0,0,0,0,0,0,0,0,0,661693,0,0,0,661693,0,0,0,0,157475,504220,0,0,0,0,0,0,0,0,25844,0,0,25844,0,25844,0,0,0,0,0,775,26619,26619,0,0,0,0,0,0,26619,0,0,0,0,26619,0,26619,0,0,26619,0,0,37,0,0
49,294745576,2017,ITR-1,M,RES,414074.1,0,0,0,0,0,0,0,0,0,0,0,0,0,0,0,0,0,0,0,0,0,414074,0,0,0,414074,0,0,0,0,48687,365390,0,0,0,0,0,0,0,0,11539,0,0,11539,5000,6539,0,0,0,0,0,196,6735,6735,0,0,0,0,0,0,6735,0,0,0,0,6735,0,0,0,0,0,6740,0,40,0,0
50,299657417,2017,ITR-1,M,RES,534563.1,0,0,0,0,0,0,0,0,0,0,0,0,0,0,0,0,0,0,0,0,0,534563,0,0,0,534563,0,0,0,0,143159,391400,0,0,0,0,0,0,0,0,14140,0,0,14140,5000,9140,0,0,0,0,0,274,9414,9414,0,0,0,0,0,0,9414,0,0,0,0,9414,0,9414,0,0,9414,0,0,30,0,0
51,282550473,2017,ITR-1,M,RES,1516464.1,0,0,0,0,0,0,0,0,0,0,0,0,0,0,0,0,0,0,0,0,0,1516464,0,0,0,1516464,0,0,0,0,207240,1309220,0,0,0,0,0,0,0,0,217766,0,0,217766,0,217766,0,0,0,0,0,6533,224299,224299,0,0,0,0,0,0,224299,0,0,0,0,224299,0,228057,0,0,228057,0,3760,50,0,0
52,270633160,2017,ITR-1,M,RES,702421.1,0,0,0,0,0,0,0,0,0,0,0,0,0,0,0,0,0,0,0,0,10670,713091,0,0,0,713091,0,0,0,0,165399,547690,0,0,0,0,0,0,0,0,34538,0,0,34538,0,34538,0,0,0,0,0,1036,35574,35574,0,0,0,0,0,0,35574,0,0,0,0,35574,0,34444,0,1130,35574,0,0,50,0,0
53,301295907,2017,ITR-1,F,RES,1130473.1,0,0,0,0,0,0,0,0,0,0,0,0,0,0,0,0,0,0,0,0,0,1130473,0,0,0,1130473,0,0,0,0,155215,975260,0,0,0,0,0,0,0,0,120052,0,0,120052,0,120052,0,0,0,0,0,3602,123654,123654,0,0,0,0,0,0,123654,0,0,0,0,123654,0,123654,0,0,123654,0,0,41,0,0
54,278611498,2017,ITR-1,M,RES,313283.1,0,0,0,0,0,0,0,0,0,0,0,0,0,0,0,0,0,0,0,0,141600,454883,0,0,0,454883,0,0,0,0,106510,348370,0,0,0,0,0,0,0,0,4837,0,0,4837,4837,0,0,0,0,0,0,0,0,0,0,0,0,0,0,0,0,0,0,0,0,0,0,0,0,0,0,0,0,61,0,1
55,273666011,2017,ITR-1,M,RES,581618.1,-110000,0,0,0,0,0,0,0,0,0,0,0,0,0,0,0,0,0,0,0,0,471618,0,0,0,471618,0,0,0,0,150000,321620,0,0,0,0,0,0,0,0,7162,0,0,7162,5000,2162,0,0,0,0,0,65,2227,2227,0,0,0,0,0,0,2227,0,0,0,0,2227,0,16683,0,0,16683,0,14460,46,0,0
56,293210231,2017,ITR-1,M,RES,504000.1,0,0,0,0,0,0,0,0,0,0,0,0,0,0,0,0,0,0,0,0,2645,506645,0,0,0,506645,0,0,0,0,160041,346600,0,0,0,0,0,0,0,0,9660,0,0,9660,5000,4660,0,0,0,0,0,140,4800,4800,0,0,0,0,0,0,4800,0,0,0,0,4800,0,4800,0,0,4800,0,0,42,0,0
57,298524863,2017,ITR-1,M,RES,285600.1,-94464,0,0,0,0,0,0,0,0,0,0,0,0,0,0,0,0,0,0,0,111922,303058,0,0,0,303058,0,0,0,0,6376,296680,0,0,0,0,0,0,0,0,4668,0,0,4668,4668,0,0,0,0,0,0,0,0,0,0,0,0,0,0,0,0,0,0,0,0,0,0,1125,0,0,1125,0,1130,46,0,0
58,278347107,2017,ITR-1,F,RES,0.1,63000,0,0,0,0,0,0,0,0,0,0,0,0,0,0,0,0,0,0,0,168033,231033,0,0,0,231033,0,0,0,0,5500,225530,0,0,0,0,0,0,0,0,0,0,0,0,0,0,0,0,0,0,0,0,0,0,0,0,0,0,0,0,0,0,0,0,0,0,0,1454,0,0,1454,0,1450,36,0,0
59,296262768,2017,ITR-1,M,RES,464645.1,0,0,0,0,0,0,0,0,0,0,0,0,0,0,0,0,0,0,0,0,14093,478738,0,0,0,478738,0,0,0,0,183290,295450,0,0,0,0,0,0,0,0,4545,0,0,4545,4545,0,0,0,0,0,0,0,0,0,0,0,0,0,0,0,0,0,0,0,0,0,0,1410,0,0,1410,0,1410,28,0,0
60,274569558,2017,ITR-1,F,RES,840185.1,-200000,0,0,0,0,0,0,0,0,0,0,0,0,0,0,0,0,0,0,0,0,640185,0,0,0,640185,0,0,0,0,141930,498260,0,0,0,0,0,0,0,0,24826,0,0,24826,5000,19826,0,0,0,0,0,595,20421,20421,0,0,0,0,0,0,20421,0,0,0,0,20421,0,24048,0,0,24048,0,3630,35,0,0
61,318127905,2017,ITR-1,M,RES,647702.1,0,0,0,0,0,0,0,0,0,0,0,0,0,0,0,0,0,0,0,0,3777,651479,0,0,0,651479,0,0,0,0,95145,556330,0,0,0,0,0,0,0,0,36266,0,0,36266,0,36266,0,0,0,0,0,1088,37354,37354,0,0,0,0,0,0,37354,0,0,0,0,37354,0,37354,0,0,37354,0,0,39,0,0
62,275723717,2017,ITR-1,F,RES,0.1,0,0,0,0,0,0,0,0,0,0,0,0,0,0,0,0,0,0,0,0,234006,234006,0,0,0,234006,0,0,0,0,0,234010,0,0,0,0,0,0,0,0,0,0,0,0,0,0,0,0,0,0,0,0,0,0,0,0,0,0,0,0,0,0,0,0,0,0,0,16211,0,0,16211,0,16210,41,0,0
63,277335260,2017,ITR-1,M,RES,339098.1,0,0,0,0,0,0,0,0,0,0,0,0,0,0,0,0,0,0,0,0,0,339098,0,0,0,339098,0,0,0,0,28674,310420,0,0,0,0,0,0,0,0,6042,0,0,6042,5000,1042,0,0,0,0,0,31,1073,1073,0,0,0,0,0,0,1073,0,0,0,0,1073,0,3412,0,0,3412,0,2340,32,0,0
64,337445502,2017,ITR-1,F,RES,260000.1,0,0,0,0,0,0,0,0,0,0,0,0,0,0,0,0,0,0,0,0,10000,270000,0,0,0,270000,0,0,0,0,11228,258770,0,0,0,0,0,0,0,0,877,0,0,877,877,0,0,0,0,0,0,0,0,0,0,0,0,0,0,0,0,0,0,0,0,0,0,0,0,0,0,0,0,35,0,0
65,296138386,2017,ITR-1,M,RES,942487.1,-167634,0,0,0,0,0,0,0,0,0,0,0,0,0,0,0,0,0,0,0,0,774853,0,0,0,774853,0,0,0,0,161697,613160,0,0,0,0,0,0,0,0,47632,0,0,47632,0,47632,0,0,0,0,0,1429,49061,49061,0,0,0,0,0,0,49061,0,0,0,0,49061,0,49061,0,0,49061,0,0,34,0,0
66,283245617,2017,ITR-1,M,RES,658407.1,-120560,0,0,0,0,0,0,0,0,0,0,0,0,0,0,0,0,0,0,0,1194,539041,0,0,0,539041,0,0,0,0,113316,425730,0,0,0,0,0,0,0,0,17573,0,0,17573,5000,12573,0,0,0,0,0,377,12950,12950,0,0,0,0,0,0,12950,0,0,0,0,12950,0,20161,0,0,20161,0,7210,30,0,0
67,321473981,2017,ITR-1,F,RES,0.1,0,0,0,0,0,0,0,0,0,0,0,0,0,0,0,0,0,0,0,0,315302,315302,0,0,0,315302,0,0,0,0,11386,303920,0,0,0,0,0,0,0,0,5392,0,0,5392,5000,392,0,0,0,0,0,12,404,404,0,0,0,0,0,0,404,0,0,0,0,404,0,5390,0,0,5390,0,4990,32,0,0
68,331154267,2017,ITR-1,F,RES,570420.1,0,0,0,0,0,0,0,0,0,0,0,0,0,0,0,0,0,0,0,0,2746,573166,0,0,0,573166,0,0,0,0,152746,420420,0,0,0,0,0,0,0,0,17042,0,0,17042,5000,12042,0,0,0,0,0,361,12403,12403,0,0,0,0,0,0,12403,0,0,0,0,12403,0,12404,0,0,12404,0,0,33,0,0
69,288103073,2017,ITR-1,F,RES,731378.1,0,0,0,0,0,0,0,0,0,0,0,0,0,0,0,0,0,0,0,0,79247,810625,0,0,0,810625,0,0,0,0,211628,599000,0,0,0,0,0,0,0,0,44800,0,0,44800,0,44800,0,0,0,0,0,1344,46144,46144,0,0,0,0,0,0,46144,0,0,0,0,46144,0,51025,0,0,51025,0,4880,35,0,0
70,276201680,2017,ITR-1,M,RES,371819.1,0,0,0,0,0,0,0,0,0,0,0,0,0,0,0,0,0,0,0,0,16143,387962,0,0,0,387962,0,0,0,0,150000,237960,0,0,0,0,0,0,0,0,0,0,0,0,0,0,0,0,0,0,0,0,0,0,0,0,0,0,0,0,0,0,0,0,0,0,0,10537,0,0,10537,0,10540,50,0,0
71,324598472,2017,ITR-1,M,RES,913864.1,-143805,0,0,0,0,0,0,0,0,0,0,0,0,0,0,0,0,0,0,0,0,770059,0,0,0,770059,0,0,0,0,150000,620060,0,0,0,0,0,0,0,0,49012,0,0,49012,0,49012,0,0,0,0,0,1470,50482,50482,0,0,0,0,0,0,50482,0,0,0,0,50482,0,103183,0,0,103183,0,52700,47,0,0
72,299653855,2017,ITR-1,M,RES,461691.1,0,0,0,0,0,0,0,0,0,0,0,0,0,0,0,0,0,0,0,0,0,461691,0,0,0,461691,0,0,0,0,71400,390290,0,0,0,0,0,0,0,0,14029,0,0,14029,5000,9029,0,0,0,0,0,271,9300,9300,0,0,0,0,0,0,9300,0,0,0,0,9300,0,9431,0,0,9431,0,130,41,0,0
73,296119670,2017,ITR-1,M,RES,1502035.1,-200000,0,0,0,0,0,0,0,0,0,0,0,0,0,0,0,0,0,0,0,0,1302035,0,0,0,1302035,0,0,0,0,232347,1069690,0,0,0,0,0,0,0,0,145907,0,0,145907,0,145907,0,0,0,0,0,4377,150284,150284,0,0,0,0,0,0,150284,0,0,0,0,150284,0,150284,0,0,150284,0,0,42,0,0
74,321259321,2017,ITR-1,M,RES,313800.1,0,0,0,0,0,0,0,0,0,0,0,0,0,0,0,0,0,0,0,0,36391,350191,0,0,0,350191,0,0,0,0,50998,299190,0,0,0,0,0,0,0,0,4919,0,0,4919,4919,0,0,0,0,0,0,0,0,0,0,0,0,0,0,0,0,0,0,0,0,0,0,2940,0,0,2940,0,2940,36,0,0
75,279713871,2017,ITR-1,F,RES,362160.1,-141144,0,0,0,0,0,0,0,0,0,0,0,0,0,0,0,0,0,0,0,2536,223552,0,0,0,223552,0,0,0,0,152536,71020,0,0,0,0,0,0,0,0,0,0,0,0,0,0,0,0,0,0,0,0,0,0,0,0,0,0,0,0,0,0,0,0,0,0,0,0,0,0,0,0,0,40,0,0
76,268711886,2017,ITR-1,M,RES,620209.1,0,0,0,0,0,0,0,0,0,0,0,0,0,0,0,0,0,0,0,0,0,620209,0,0,0,620209,0,0,0,0,275000,345210,0,0,0,0,0,0,0,0,9521,0,0,9521,5000,4521,0,0,0,0,0,136,4657,4657,0,0,0,0,0,0,4657,0,0,0,0,4657,0,39064,0,0,39064,0,34410,48,0,0
77,290039096,2017,ITR-1,M,RES,1077515.1,-139754,0,0,0,0,0,0,0,0,0,0,0,0,0,0,0,0,0,0,0,0,937761,0,0,0,937761,0,0,0,0,150000,787760,0,0,0,0,0,0,0,0,82552,0,0,82552,0,82552,0,0,0,0,0,2477,85029,85029,0,0,0,0,0,0,85029,0,0,0,0,85029,0,85030,0,0,85030,0,0,50,0,0
78,323010840,2017,ITR-1,M,RES,307315.1,0,0,0,0,0,0,0,0,0,0,0,0,0,0,0,0,0,0,0,0,0,307315,0,0,0,307315,0,0,0,0,9000,298320,0,0,0,0,0,0,0,0,4832,0,0,4832,4832,0,0,0,0,0,0,0,0,0,0,0,0,0,0,0,0,0,0,0,0,0,0,9780,0,0,9780,0,9780,56,0,0
79,332296115,2017,ITR-1,M,RES,360000.1,0,0,0,0,0,0,0,0,0,0,0,0,0,0,0,0,0,0,0,0,0,360000,0,0,0,360000,0,0,0,0,150000,210000,0,0,0,0,0,0,0,0,0,0,0,0,0,0,0,0,0,0,0,0,0,0,0,0,0,0,0,0,0,0,0,0,0,0,0,0,0,0,0,0,0,44,0,0
80,325459942,2017,ITR-1,M,NRI,0.1,295680,0,0,0,0,0,0,0,0,0,0,0,0,0,0,0,0,0,0,0,149680,445360,0,0,0,445360,0,0,0,0,82060,363300,0,0,0,0,0,0,0,0,11330,0,0,11330,0,11330,0,0,0,0,0,339,11669,11669,0,0,0,0,0,0,11669,456,0,0,456,12125,0,5942,0,6180,12122,0,0,43,0,0
81,321218741,2017,ITR-1,M,RES,479508.1,-72000,0,0,0,0,0,0,0,0,0,0,0,0,0,0,0,0,0,0,0,0,407508,0,0,0,407508,0,0,0,0,30579,376930,0,0,0,0,0,0,0,0,12693,0,0,12693,5000,7693,0,0,0,0,0,231,7924,7924,0,0,0,0,0,0,7924,0,0,0,0,7924,0,7924,0,0,7924,0,0,33,0,0
82,277724146,2017,ITR-1,M,RES,378268.1,0,0,0,0,0,0,0,0,0,0,0,0,0,0,0,0,0,0,0,0,269,378537,0,0,0,378537,0,0,0,0,79769,298770,0,0,0,0,0,0,0,0,4877,0,0,4877,4877,0,0,0,0,0,0,0,0,0,0,0,0,0,0,0,0,0,0,0,0,0,0,6460,0,0,6460,0,6460,35,0,0
83,286493529,2017,ITR-1,M,RES,927146.1,0,0,0,0,0,0,0,0,0,0,0,0,0,0,0,0,0,0,0,0,0,927146,0,0,0,927146,0,0,0,0,210000,717150,0,0,0,0,0,0,0,0,68430,0,0,68430,0,68430,0,0,0,0,0,2053,70483,70483,0,0,0,0,0,0,70483,0,0,0,0,70483,0,82843,0,0,82843,0,12360,33,0,0
84,332443612,2017,ITR-1,M,RES,2142620.1,0,0,0,0,0,0,0,0,0,0,0,0,0,0,0,0,0,0,0,0,0,2142620,0,0,0,2142620,0,0,0,0,150000,1992620,0,0,0,0,0,0,0,0,422786,0,0,422786,0,422786,0,0,0,0,0,12684,435470,435470,0,0,0,0,0,0,435470,0,0,0,0,435470,0,435470,0,0,435470,0,0,36,0,0
85,295670623,2017,ITR-1,M,RES,958829.1,0,0,0,0,0,0,0,0,0,0,0,0,0,0,0,0,0,0,0,0,289471,1248300,0,0,0,1248300,0,0,0,0,71000,1177300,0,0,0,0,0,0,0,0,178190,0,0,178190,0,178190,0,0,0,0,0,5346,183536,183536,0,0,0,0,0,0,183536,0,1390,1400,2790,186326,0,155697,0,35630,191327,0,5000,36,0,0
86,270103464,2017,ITR-1,F,RES,294998.1,0,0,0,0,0,0,0,0,0,0,0,0,0,0,0,0,0,0,0,0,181037,476035,0,0,0,476035,0,0,0,0,3521,472510,0,0,0,0,0,0,0,0,17251,0,0,17251,5000,12251,0,0,0,0,0,368,12619,12619,0,0,0,0,0,0,12619,0,0,0,0,12619,0,0,0,12620,12620,0,0,71,0,1
87,289343539,2017,ITR-1,M,RES,1255034.1,-9999,0,0,0,0,0,0,0,0,0,0,0,0,0,0,0,0,0,0,0,44776,1289811,0,0,0,1289811,0,0,0,0,179796,1110020,0,0,0,0,0,0,0,0,153003,0,0,153003,0,153003,0,0,0,0,0,4590,157593,157593,0,0,0,0,0,0,157593,0,0,0,0,157593,0,147495,0,10100,157595,0,0,60,0,1
88,283592728,2017,ITR-1,M,RES,1503621.1,-200000,0,0,0,0,0,0,0,0,0,0,0,0,0,0,0,0,0,0,0,0,1303621,0,0,0,1303621,0,0,0,0,182499,1121120,0,0,0,0,0,0,0,0,161336,0,0,161336,0,161336,0,0,0,0,0,4840,166176,166176,0,0,0,0,0,0,166176,0,0,0,0,166176,0,198161,0,0,198161,0,31990,36,0,0
89,288789742,2017,ITR-1,M,RES,1155397.1,-200000,0,0,0,0,0,0,0,0,0,0,0,0,0,0,0,0,0,0,0,0,955397,0,0,0,955397,0,0,0,0,150000,805400,0,0,0,0,0,0,0,0,86080,0,0,86080,0,86080,0,0,0,0,0,2582,88662,88662,0,0,0,0,0,0,88662,0,0,0,0,88662,0,131790,0,0,131790,0,43130,32,0,0
90,273864920,2017,ITR-1,F,RES,754322.1,-200000,0,0,0,0,0,0,0,0,0,0,0,0,0,0,0,0,0,0,0,8046,562368,0,0,0,562368,0,0,0,0,300911,261460,0,0,0,0,0,0,0,0,1146,0,0,1146,1146,0,0,0,0,0,0,0,0,0,0,0,0,0,0,0,0,0,0,0,0,0,0,19903,0,0,19903,0,19900,46,0,0
91,283806038,2017,ITR-1,F,RES,141413.1,0,0,0,0,0,0,0,0,0,0,0,0,0,0,0,0,0,0,0,0,76681,218094,0,0,0,218094,0,0,0,0,15772,202320,0,0,0,0,0,0,0,0,0,0,0,0,0,0,0,0,0,0,0,0,0,0,0,0,0,0,0,0,0,0,0,0,0,0,0,0,0,0,0,0,0,31,0,0
92,313038308,2017,ITR-1,F,RES,0.1,0,0,0,0,0,0,0,0,0,0,0,0,0,0,0,0,0,0,0,0,214272,214272,0,0,0,214272,0,0,0,0,30055,184220,0,0,0,0,0,0,0,0,0,0,0,0,0,0,0,0,0,0,0,0,0,0,0,0,0,0,0,0,0,0,0,0,0,0,0,0,0,0,0,0,0,30,0,0
93,339842898,2017,ITR-1,M,RES,0.1,0,0,0,0,0,0,0,0,0,0,0,0,0,0,0,0,0,0,0,0,297440,297440,0,0,0,297440,0,0,0,0,0,297440,0,0,0,0,0,0,0,0,4744,0,0,4744,4744,0,0,0,0,0,0,0,0,0,0,0,0,0,0,0,0,0,0,0,0,0,0,0,0,0,0,0,0,40,0,0
94,306342915,2017,ITR-1,M,RES,160000.1,0,0,0,0,0,0,0,0,0,0,0,0,0,0,0,0,0,0,0,0,83575,243575,0,0,0,243575,0,0,0,0,119037,124540,0,0,0,0,0,0,0,0,0,0,0,0,0,0,0,0,0,0,0,0,0,0,0,0,0,0,0,0,0,0,0,0,0,0,0,0,0,0,0,0,0,31,0,0
95,288007816,2017,ITR-1,M,RES,1897212.1,-200000,0,0,0,0,0,0,0,0,0,0,0,0,0,0,0,0,0,0,0,9165,1706377,0,0,0,1706377,0,0,0,0,159165,1547210,0,0,0,0,0,0,0,0,289163,0,0,289163,0,289163,0,0,0,0,0,8675,297838,297838,0,0,0,0,0,0,297838,0,0,0,0,297838,0,398113,0,0,398113,0,100280,43,0,0
96,341159167,2017,ITR-1,M,RES,1325970.1,0,0,0,0,0,0,0,0,0,0,0,0,0,0,0,0,0,0,0,0,0,1325970,0,0,0,1325970,0,0,0,0,150000,1175970,0,0,0,0,0,0,0,0,172791,0,0,172791,0,172791,0,0,0,0,0,5184,177975,177975,0,0,0,0,0,0,177975,0,0,0,0,177975,0,183000,0,10070,193070,0,15100,60,0,1
97,314983093,2017,ITR-1,M,RES,884567.1,-97255,0,0,0,0,0,0,0,0,0,0,0,0,0,0,0,0,0,0,0,587253,1374565,0,0,0,1374565,0,0,0,0,160000,1214570,0,0,0,0,0,0,0,0,184371,0,0,184371,0,184371,0,0,0,0,0,5531,189902,189902,0,0,0,0,0,0,189902,0,0,0,0,189902,0,157428,0,32480,189908,0,10,61,0,1
98,298115074,2017,ITR-1,F,RES,0.1,0,0,0,0,0,0,0,0,0,0,0,0,0,0,0,0,0,0,0,0,220690,220690,0,0,0,220690,0,0,0,0,0,220690,0,0,0,0,0,0,0,0,0,0,0,0,0,0,0,0,0,0,0,0,0,0,0,0,0,0,0,0,0,0,0,0,0,0,0,0,0,0,0,0,0,38,0,0
99,292313559,2017,ITR-1,M,RES,210000.1,0,0,0,0,0,0,0,0,0,0,0,0,0,0,0,0,0,0,0,0,290979,500979,0,0,0,500979,0,0,0,0,5930,495050,0,0,0,0,0,0,0,0,24505,0,0,24505,5000,19505,0,0,0,0,0,585,20090,20090,0,0,0,0,0,0,20090,0,0,0,0,20090,0,28803,0,0,28803,0,8710,31,0,0
100,266092444,2017,ITR-3,MISSING,MISSING,0.1,0,1470659,0,0,0,1470659,0,0,0,0,0,0,0,0,0,0,0,0,0,0,0,1470659,120000,1350659,0,1350659,0,0,180000,0,180000,1170660,0,0,1170660,0,0,0,0,0,171198,0,0,171198,0,171198,0,0,0,0,0,5136,176334,176334,0,176334,0,0,0,0,176334,0,818,4127,4945,181279,0,94497,0,0,94497,86780,0,63,5136,1
101,266128710,2017,ITR-3,MISSING,MISSING,0.1,184800,317337,0,0,0,317337,0,0,0,0,0,0,0,0,0,0,132347,0,0,0,132347,634484,0,634484,0,634484,0,0,160000,0,160000,474480,0,0,474480,0,0,0,0,0,22448,0,0,22448,5000,17448,0,0,0,0,0,523,17971,17971,0,17971,0,0,0,0,17971,0,179,0,179,18150,0,0,0,18150,18150,0,0,53,523,0
102,266137755,2017,ITR-3,MISSING,MISSING,369600.1,0,840000,0,0,0,840000,0,0,0,0,0,0,0,0,0,0,38471,0,0,0,38471,1248071,0,1248071,0,1248071,0,0,160000,0,160000,1088070,0,0,1088070,0,0,0,0,0,151421,0,0,151421,0,151421,0,0,0,0,0,4543,155964,155964,0,155964,0,0,0,0,155964,0,0,4747,4747,160711,97080,61951,0,1680,160711,0,0,24,4543,0
103,266483488,2017,ITR-3,MISSING,MISSING,0.1,0,274342,0,0,0,274342,0,0,0,0,0,0,0,0,0,0,0,0,0,0,0,274342,0,274342,0,274342,0,0,0,0,0,274340,0,0,274340,0,0,0,0,0,2434,0,0,2434,2434,0,0,0,0,0,0,0,0,0,0,0,0,0,0,0,0,0,0,0,0,0,0,0,0,0,0,0,0,25,0,0
104,266547453,2017,ITR-3,MISSING,MISSING,114500.1,0,354630,0,0,0,354630,0,0,0,0,0,0,0,0,0,0,0,0,0,0,0,469130,0,469130,0,469130,0,0,140000,0,140000,329130,0,0,329130,0,0,0,0,0,7913,0,0,7913,5000,2913,0,0,0,0,0,87,3000,3000,0,3000,0,0,0,0,3000,0,0,0,0,3000,0,0,11269,0,11269,0,8270,40,87,0
105,266582727,2017,ITR-3,MISSING,MISSING,0.1,0,498797,0,0,0,498797,0,0,0,0,0,0,0,0,0,0,0,0,0,0,0,498797,0,498797,0,498797,0,0,152290,0,152290,346510,0,0,346510,0,0,0,0,0,9651,0,0,9651,5000,4651,0,0,0,0,0,140,4791,4791,0,4791,0,0,0,0,4791,0,0,0,0,4791,0,0,0,4791,4791,0,0,34,140,0
106,266588057,2017,ITR-3,MISSING,MISSING,0.1,0,228840,0,0,0,228840,0,0,0,0,0,0,0,0,0,0,0,0,0,0,0,228840,0,228840,0,228840,0,0,0,0,0,228840,0,398800,0,0,0,0,0,0,0,0,0,0,0,0,0,0,0,0,0,0,0,0,0,0,0,0,0,0,0,0,0,0,0,0,0,0,0,0,0,0,0,27,0,0
107,266601810,2017,ITR-3,MISSING,MISSING,0.1,0,530091,0,0,0,530091,0,0,0,0,0,0,0,0,0,0,353,0,0,0,353,530444,46707,483737,0,483737,0,0,105682,0,105682,378060,0,0,378060,0,0,0,0,0,7806,0,0,7806,5000,2806,0,0,0,0,0,84,2890,2890,0,2890,0,0,0,0,2890,0,0,0,0,2890,0,0,0,2890,2890,0,0,63,84,1
108,266729149,2017,ITR-3,MISSING,MISSING,0.1,0,356170,0,0,0,356170,0,0,0,0,0,0,0,0,0,0,6411,0,0,0,6411,362581,0,362581,0,362581,0,0,6411,0,6411,356170,0,0,356170,0,0,0,0,0,10617,0,0,10617,5000,5617,0,0,0,0,0,169,5786,5786,0,5786,0,0,0,0,5786,0,0,0,0,5786,0,0,0,5786,5786,0,0,39,169,0
109,266772587,2017,ITR-3,MISSING,MISSING,120198.1,0,185500,0,0,0,185500,0,0,0,0,0,0,0,0,0,0,15239,0,0,0,15239,320937,0,320937,0,320937,0,0,10000,0,10000,310940,0,0,310940,0,0,0,0,0,6094,0,0,6094,5000,1094,0,0,0,0,0,33,1127,1127,0,1127,0,0,0,0,1127,0,0,0,0,1127,0,0,0,1127,1127,0,0,55,33,0
110,266820778,2017,ITR-3,MISSING,MISSING,0.1,0,305337,0,0,0,305337,0,0,0,0,0,0,0,0,0,0,0,0,0,0,0,305337,0,305337,0,305337,0,0,0,0,0,305340,0,0,305340,0,0,0,0,0,5534,0,0,5534,5000,534,0,0,0,0,0,16,550,550,0,550,0,0,0,0,550,0,0,0,0,550,1000,0,0,0,1000,0,450,20,16,0
111,266831688,2017,ITR-3,MISSING,MISSING,0.1,0,361753,0,0,0,361753,0,0,0,0,0,0,0,0,0,0,0,0,0,0,0,361753,0,361753,0,361753,0,0,62285,0,62285,299470,0,0,299470,0,0,0,0,0,4947,0,0,4947,4947,0,0,0,0,0,0,0,0,0,0,0,0,0,0,0,0,0,0,0,0,0,0,0,0,0,0,0,0,25,0,0
112,266901543,2017,ITR-3,MISSING,MISSING,0.1,0,386237,0,0,0,386237,0,0,0,0,0,0,0,0,0,0,11002,0,0,0,11002,397239,0,397239,0,397239,0,0,73282,0,73282,323960,0,159110,483070,0,0,0,0,0,23307,0,15911,7396,5000,2396,0,0,0,0,0,72,2468,2468,0,2468,0,0,0,0,2468,0,0,0,0,2468,0,0,0,2468,2468,0,0,39,72,0
113,266915154,2017,ITR-3,MISSING,MISSING,0.1,0,315477,0,0,0,315477,0,0,0,0,0,0,0,0,0,0,460,0,0,0,460,315937,0,315937,0,315937,0,0,42875,0,42875,273060,0,0,273060,0,0,0,0,0,2306,0,0,2306,2306,0,0,0,0,0,0,0,0,0,0,0,0,0,0,0,0,0,0,0,0,0,0,0,0,0,0,0,0,36,0,0
114,266915653,2017,ITR-3,MISSING,MISSING,0.1,0,527098,0,0,0,527098,0,0,0,0,0,0,0,0,0,0,3247,0,0,0,3247,530345,0,530345,0,530345,0,0,153247,0,153247,377100,0,0,377100,0,0,0,0,0,12710,0,0,12710,5000,7710,0,0,0,0,0,231,7941,7941,0,7941,0,0,0,0,7941,0,0,0,0,7941,0,0,0,7940,7940,0,0,47,231,0
115,266922880,2017,ITR-3,MISSING,MISSING,0.1,0,233142,0,0,0,233142,0,0,0,0,0,0,0,0,0,0,591,0,0,0,591,233733,0,233733,0,233733,0,0,591,0,591,233140,0,0,233140,0,0,0,0,0,0,0,0,0,0,0,0,0,0,0,0,0,0,0,0,0,0,0,0,0,0,0,0,0,0,0,0,0,0,0,0,0,0,25,0,0
116,266933342,2017,ITR-3,MISSING,MISSING,0.1,0,316820,0,0,0,316820,0,0,0,0,0,0,0,0,0,0,1634,0,0,0,1634,318454,0,318454,0,318454,0,0,28193,0,28193,290260,0,0,290260,0,0,0,0,0,4026,0,0,4026,4026,0,0,0,0,0,0,0,0,0,0,0,0,0,0,0,0,0,0,0,0,0,0,0,0,0,0,0,0,36,0,0
117,266979403,2017,ITR-3,MISSING,MISSING,0.1,15120,245819,0,0,0,245819,0,0,0,0,0,0,0,0,0,0,103050,0,0,0,103050,363989,0,363989,0,363989,0,0,5050,0,5050,358940,0,0,358940,0,0,0,0,0,5894,0,0,5894,5000,894,0,0,0,0,0,27,921,921,0,921,0,0,0,0,921,0,0,0,0,921,0,0,0,920,920,0,0,72,27,1
118,267004387,2017,ITR-3,MISSING,MISSING,366679.1,0,103000,0,0,0,103000,0,0,0,0,0,0,0,0,0,0,33462,0,0,0,33462,503141,0,503141,0,503141,0,0,152752,0,152752,350390,0,0,350390,0,0,0,0,0,10039,0,0,10039,5000,5039,0,0,0,0,0,151,5190,5190,0,5190,0,0,0,0,5190,0,0,0,0,5190,0,5200,0,0,5200,0,0,38,151,0
119,267028054,2017,ITR-3,MISSING,MISSING,0.1,0,272780,0,0,0,272780,0,0,0,0,0,0,0,0,0,0,246917,0,0,0,246917,519697,0,519697,0,519697,0,0,0,0,0,519700,0,0,519700,0,0,0,0,0,28940,0,0,28940,0,28940,0,0,0,0,0,868,29808,29808,0,29808,0,0,0,0,29808,0,0,0,0,29808,20000,18070,0,0,38070,0,8260,24,868,0
120,267047825,2017,ITR-3,MISSING,MISSING,0.1,0,296360,0,0,0,296360,0,0,0,0,0,0,0,0,0,0,0,0,0,0,0,296360,0,296360,0,296360,0,0,0,0,0,296360,0,0,296360,0,0,0,0,0,4636,0,0,4636,4636,0,0,0,0,0,0,0,0,0,0,0,0,0,0,0,0,0,0,0,0,0,0,0,0,0,0,0,0,37,0,0
121,267054829,2017,ITR-3,MISSING,MISSING,0.1,0,344194,0,0,0,344194,0,0,0,0,0,0,0,0,0,0,0,0,0,0,0,344194,0,344194,0,344194,0,0,24463,0,24463,319730,0,0,319730,0,0,0,0,0,6973,0,0,6973,5000,1973,0,0,0,0,0,59,2032,2032,0,2032,0,0,0,0,2032,0,0,0,0,2032,0,4500,0,0,4500,0,2470,22,59,0
122,267087135,2017,ITR-3,MISSING,MISSING,0.1,286881,154210,0,0,0,154210,0,0,0,0,0,0,0,0,0,0,35690,0,0,0,35690,476781,0,476781,0,476781,0,0,153900,0,153900,322880,0,0,322880,0,0,0,0,0,7288,0,0,7288,5000,2288,0,0,0,0,0,69,2357,2357,0,2357,0,0,0,0,2357,0,0,0,0,2357,0,0,0,2360,2360,0,0,55,69,0
123,267093088,2017,ITR-3,MISSING,MISSING,0.1,0,178909,0,0,0,178909,0,0,0,0,0,0,0,0,0,0,755,0,0,0,755,179664,0,179664,0,179664,0,0,2383,0,2383,177280,0,0,0,0,0,0,0,0,0,0,0,0,0,0,0,0,0,0,0,0,0,0,0,0,0,0,0,0,0,0,0,0,0,0,0,0,0,0,0,0,0,32,0,0
124,267118541,2017,ITR-3,MISSING,MISSING,0.1,0,566762,0,0,0,566762,0,0,0,0,0,0,0,0,0,0,0,0,0,0,0,566762,0,566762,0,566762,0,0,208763,0,208763,358000,0,0,358000,0,0,0,0,0,10800,0,0,10800,5000,5800,0,0,0,0,0,174,5974,5974,0,5974,0,0,0,0,5974,0,0,0,0,5974,0,0,0,5974,5974,0,0,28,174,0
125,267120107,2017,ITR-3,MISSING,MISSING,0.1,0,346500,0,0,0,346500,0,0,0,0,0,0,0,0,0,0,73116,0,0,0,73116,419616,0,419616,0,419616,0,0,151992,0,151992,267620,0,0,267620,0,0,0,0,0,1762,0,0,1762,1762,0,0,0,0,0,0,0,0,0,0,0,0,0,0,0,0,0,0,0,0,0,0,0,0,0,0,0,0,39,0,0
126,267139296,2017,ITR-3,MISSING,MISSING,0.1,0,319600,0,0,0,319600,0,0,0,0,0,0,0,0,0,0,562,0,0,0,562,320162,0,320162,0,320162,0,0,21252,0,21252,298910,0,0,298910,0,0,0,0,0,4891,0,0,4891,4891,0,0,0,0,0,0,0,0,0,0,0,0,0,0,0,0,0,0,0,0,0,0,0,0,0,0,0,0,23,0,0
127,267151676,2017,ITR-3,MISSING,MISSING,0.1,0,421560,0,0,0,421560,0,0,0,0,0,0,0,0,0,0,0,0,0,0,0,421560,0,421560,0,421560,0,0,71920,0,71920,349640,0,0,349640,0,0,0,0,0,9964,0,0,9964,5000,4964,0,0,0,0,0,149,5113,5113,0,5113,0,0,0,0,5113,0,0,0,0,5113,0,0,0,5113,5113,0,0,44,149,0
128,267202612,2017,ITR-3,MISSING,MISSING,0.1,0,517905,0,0,0,517905,0,0,0,0,0,0,0,0,0,0,0,0,0,0,0,517905,128194,389711,0,389711,0,0,63521,0,63521,326190,0,0,326190,0,0,0,0,0,7619,0,0,7619,5000,2619,0,0,0,0,0,79,2698,2698,0,2698,0,0,0,0,2698,0,0,0,0,2698,0,0,0,2700,2700,0,0,32,79,0
129,267215643,2017,ITR-3,MISSING,MISSING,0.1,0,309100,0,0,0,309100,0,0,0,0,0,0,0,0,0,0,0,0,0,0,0,309100,0,309100,0,309100,0,0,0,0,0,309100,0,0,309100,0,0,0,0,0,5910,0,0,5910,5000,910,0,0,0,0,0,27,937,937,0,937,0,0,0,0,937,0,0,0,0,937,0,0,0,940,940,0,3,29,27,0
130,267227192,2017,ITR-3,MISSING,MISSING,0.1,0,252210,0,0,0,252210,0,0,0,0,0,0,0,0,0,0,0,0,0,0,0,252210,0,252210,0,252210,0,0,0,0,0,252210,0,0,252210,0,0,0,0,0,221,0,0,221,221,0,0,0,0,0,0,0,0,0,0,0,0,0,0,0,0,0,0,0,0,0,0,0,0,0,0,0,0,44,0,0
131,267236208,2017,ITR-3,MISSING,MISSING,0.1,0,390200,0,0,0,390200,0,0,0,0,0,0,0,0,0,0,15253,0,0,0,15253,405453,0,405453,0,405453,0,0,73268,0,73268,332190,0,160000,492190,0,0,0,0,0,24219,0,16000,8219,5000,3219,0,0,0,0,0,97,3316,3316,0,3316,0,0,0,0,3316,0,0,0,0,3316,0,0,0,3320,3320,0,0,34,97,0
132,267242084,2017,ITR-3,MISSING,MISSING,0.1,0,340324,0,0,0,340324,0,0,0,0,0,0,0,0,0,0,31123,0,0,0,31123,371447,0,371447,0,371447,0,0,66662,0,66662,304790,0,0,304790,0,0,0,0,0,5479,0,0,5479,5000,479,0,0,0,0,0,14,493,493,0,493,0,0,0,0,493,0,0,0,0,493,0,0,0,490,490,0,0,51,14,0
133,267264368,2017,ITR-3,MISSING,MISSING,0.1,22124,287293,0,0,0,287293,0,0,0,0,0,0,0,0,0,0,64962,0,0,0,64962,374379,0,374379,0,374379,0,0,143300,0,143300,231080,0,0,0,0,0,0,0,0,0,0,0,0,0,0,0,0,0,0,0,0,0,0,0,0,0,0,0,0,0,0,0,0,0,0,0,0,12026,0,12026,0,12030,50,0,0
134,267270886,2017,ITR-3,MISSING,MISSING,0.1,381003,219418,0,0,0,219418,0,0,0,0,0,0,0,0,0,0,0,0,0,0,0,600421,0,600421,0,600421,0,0,19600,0,19600,580820,0,0,580820,0,0,0,0,0,41164,0,0,41164,0,41164,0,0,0,0,0,1235,42399,42399,0,42399,0,0,0,0,42399,0,0,0,0,42399,0,44829,0,0,44829,0,2430,45,1235,0
135,267276134,2017,ITR-3,MISSING,MISSING,0.1,0,716662,0,0,0,716662,0,0,0,0,0,0,0,0,0,0,2575,0,0,0,2575,719237,200000,519237,0,519237,0,0,24240,0,24240,495000,0,0,495000,0,0,0,0,0,24500,0,0,24500,5000,19500,0,0,0,0,0,585,20085,20085,0,20085,0,0,0,0,20085,0,200,1010,1210,21295,0,0,0,21300,21300,0,0,56,585,0
136,267284382,2017,ITR-3,MISSING,MISSING,0.1,0,265825,0,0,0,265825,0,0,0,0,0,0,0,0,0,0,0,0,0,0,0,265825,0,265825,0,265825,0,0,0,0,0,265830,0,0,265830,0,0,0,0,0,1583,0,0,1583,1583,0,0,0,0,0,0,0,0,0,0,0,0,0,0,0,0,0,0,0,0,0,0,0,0,0,0,0,0,44,0,0
137,267294376,2017,ITR-3,MISSING,MISSING,0.1,0,324630,0,0,0,324630,0,0,0,0,0,0,0,0,0,0,295,0,0,0,295,324925,0,324925,0,324925,0,0,295,0,295,324630,0,0,324630,0,0,0,0,0,7463,0,0,7463,5000,2463,0,0,0,0,0,74,2537,2537,0,2537,0,0,0,0,2537,0,0,0,0,2537,0,42,0,2500,2542,0,10,31,74,0
138,267305998,2017,ITR-3,MISSING,MISSING,36000.1,0,360000,0,0,0,360000,0,0,0,0,0,0,0,0,0,0,631,0,0,0,631,396631,0,396631,0,396631,0,0,117118,0,117118,279510,0,0,279510,0,0,0,0,0,2951,0,0,2951,2951,0,0,0,0,0,0,0,0,0,0,0,0,0,0,0,0,0,0,0,0,0,0,0,0,0,0,0,0,44,0,0
139,267312809,2017,ITR-3,MISSING,MISSING,0.1,0,731633,0,0,0,731633,0,0,0,0,0,0,0,0,0,0,16415,0,0,0,16415,748048,0,748048,0,748048,0,0,29785,0,29785,718260,0,0,718260,0,0,0,0,0,68652,0,0,68652,0,68652,0,0,0,0,0,2060,70712,70712,0,70712,0,0,0,0,70712,0,707,3569,4276,74988,0,0,0,75000,75000,0,10,28,2060,0
140,267331233,2017,ITR-3,MISSING,MISSING,0.1,0,491520,0,0,0,491520,0,0,0,0,0,0,0,0,0,0,121,0,0,0,121,491641,0,491641,0,491641,0,0,121,0,121,491520,0,0,491520,0,0,0,0,0,19155,0,0,19155,5000,14155,0,0,0,0,0,425,14580,14580,0,14580,0,0,0,0,14580,0,0,0,0,14580,0,0,0,14580,14580,0,0,61,425,1
141,267332342,2017,ITR-3,MISSING,MISSING,0.1,0,495507,0,0,0,495507,31920,0,0,0,0,31920,0,0,0,31920,1235,0,0,0,1235,528662,0,528662,31920,496742,0,0,35507,0,35507,461240,0,0,461240,0,0,0,0,0,21124,0,0,21124,5000,16124,0,0,0,0,0,484,16608,16608,0,16608,0,0,0,0,16608,0,0,0,0,16608,0,6843,0,9770,16613,0,0,29,484,0
142,267355950,2017,ITR-3,MISSING,MISSING,0.1,0,378625,0,0,0,378625,0,0,0,0,0,0,0,0,0,0,0,0,0,0,0,378625,79778,298847,0,298847,0,0,0,0,0,298850,0,0,298850,0,0,0,0,0,4885,0,0,4885,4885,0,0,0,0,0,0,0,0,0,0,0,0,0,0,0,0,0,0,0,0,0,0,0,0,0,0,0,0,33,0,0
143,267363007,2017,ITR-3,MISSING,MISSING,0.1,0,285634,0,0,0,285634,0,0,0,0,0,0,0,0,0,0,64,0,0,0,64,285698,0,285698,0,285698,0,0,64,0,64,285630,0,0,0,0,0,0,0,0,0,0,0,0,0,0,0,0,0,0,0,0,0,0,0,0,0,0,0,0,0,0,0,0,0,0,0,0,0,0,0,0,0,65,0,1
144,267365489,2017,ITR-3,MISSING,MISSING,0.1,0,250000,0,0,0,250000,0,0,0,0,0,0,0,0,0,0,148,0,0,0,148,250148,0,250148,0,250148,0,0,148,0,148,250000,0,0,250000,0,0,0,0,0,0,0,0,0,0,0,0,0,0,0,0,0,0,0,0,0,0,0,0,0,0,0,0,0,0,0,0,0,0,0,0,0,0,39,0,0
145,267389326,2017,ITR-3,MISSING,MISSING,0.1,0,859751,0,0,0,859751,0,0,0,0,0,0,0,0,0,0,155902,0,0,0,155902,1015653,0,1015653,0,1015653,0,0,173035,0,173035,842620,0,0,842620,0,0,0,0,0,93524,0,0,93524,0,93524,0,0,0,0,0,2806,96330,96330,0,96330,0,0,0,0,96330,0,0,1260,1260,97590,90000,0,0,7591,97591,0,0,42,2806,0
146,267407794,2017,ITR-3,MISSING,MISSING,0.1,0,306725,0,0,0,306725,0,0,0,0,0,0,0,0,0,0,7542,0,0,0,7542,314267,0,314267,0,314267,0,0,27854,0,27854,286410,0,0,286410,0,0,0,0,0,3641,0,0,3641,3641,0,0,0,0,0,0,0,0,0,0,0,0,0,0,0,0,0,0,0,0,0,0,0,0,0,0,0,0,42,0,0
147,267411363,2017,ITR-3,MISSING,MISSING,0.1,0,812260,0,0,0,812260,0,0,0,0,0,0,0,0,0,0,0,0,0,0,0,812260,0,812260,0,812260,0,0,150000,0,150000,662260,0,0,662260,0,0,0,0,0,57452,0,0,57452,0,57452,0,0,0,0,0,1724,59176,59176,0,59176,0,0,0,0,59176,0,0,0,0,59176,0,95990,0,0,95990,0,36810,39,1724,0
148,267415492,2017,ITR-3,MISSING,MISSING,0.1,0,285255,0,0,0,285255,0,0,0,0,0,0,0,0,0,0,45,0,0,0,45,285300,0,285300,0,285300,0,0,45,0,45,285260,0,0,285260,0,0,0,0,0,3526,0,0,3526,3526,0,0,0,0,0,0,0,0,0,0,0,0,0,0,0,0,0,0,0,0,0,0,0,0,0,0,0,0,55,0,0
149,267437526,2017,ITR-3,MISSING,MISSING,0.1,0,288302,0,0,0,288302,0,0,0,0,0,0,0,0,0,0,9007,0,0,0,9007,297309,0,297309,0,297309,0,0,9007,0,9007,288300,0,0,288300,0,0,0,0,0,3830,0,0,3830,3830,0,0,0,0,0,0,0,0,0,0,0,0,0,0,0,0,0,0,0,0,0,0,0,0,0,0,0,0,32,0,0
150,267437815,2017,ITR-3,MISSING,MISSING,0.1,0,408412,0,0,0,408412,0,0,0,0,0,0,0,0,0,0,0,0,0,0,0,408412,0,408412,0,408412,0,0,83400,0,83400,325010,0,0,325010,0,0,0,0,0,7501,0,0,7501,5000,2501,0,0,0,0,0,75,2576,2576,0,2576,0,0,0,0,2576,0,0,0,0,2576,0,0,0,2576,2576,0,0,39,75,0
151,267438857,2017,ITR-3,MISSING,MISSING,0.1,0,217034,0,0,0,217034,0,0,0,0,0,0,0,0,0,0,87830,0,0,0,87830,304864,0,304864,0,304864,0,0,0,0,0,304860,0,56920,361780,0,0,0,0,0,11178,0,5692,5486,5000,486,0,0,0,0,0,15,501,501,0,501,0,0,0,0,501,0,0,0,0,501,0,0,0,500,500,0,0,35,15,0
152,267485353,2017,ITR-3,MISSING,MISSING,0.1,0,250450,0,0,0,250450,0,0,0,0,0,0,0,0,0,0,0,0,0,0,0,250450,0,250450,0,250450,0,0,0,0,0,250450,0,0,250450,0,0,0,0,0,45,0,0,45,45,0,0,0,0,0,0,0,0,0,0,0,0,0,0,0,0,0,0,0,0,0,0,0,0,0,0,0,0,49,0,0
153,267497731,2017,ITR-3,MISSING,MISSING,0.1,0,173627,0,0,0,173627,0,0,0,0,0,0,0,0,0,0,468,0,0,0,468,174095,0,174095,0,174095,0,0,468,0,468,173630,0,0,0,0,0,0,0,0,0,0,0,0,0,0,0,0,0,0,0,0,0,0,0,0,0,0,0,0,0,0,0,0,0,0,0,0,0,0,0,0,0,25,0,0
154,267502092,2017,ITR-3,MISSING,MISSING,0.1,0,329220,0,0,0,329220,0,0,0,0,0,0,0,0,0,0,0,0,0,0,0,329220,0,329220,0,329220,0,0,9800,0,9800,319420,0,0,319420,0,0,0,0,0,6942,0,0,6942,5000,1942,0,0,0,0,0,58,2000,2000,0,2000,0,0,0,0,2000,0,0,0,0,2000,0,0,0,2000,2000,0,0,27,58,0
155,267537591,2017,ITR-3,MISSING,MISSING,160000.1,0,914836,0,0,0,914836,207157,0,0,0,0,207157,0,0,0,207157,8403,0,0,0,8403,1290396,74000,1216396,0,1216396,207157,0,154231,0,154231,1062170,207157,0,855013,0,0,0,0,0,96003,31074,0,127077,0,127077,0,0,0,0,0,3813,130890,130890,0,130890,0,0,0,0,130890,0,0,3612,3612,134502,150000,34000,0,0,184000,0,49500,28,3813,0
156,267548753,2017,ITR-3,MISSING,MISSING,0.1,0,0,0,0,0,0,0,0,0,0,0,0,0,1604152,1604152,1604152,114947,0,0,0,114947,1719099,311903,1407196,0,1407196,1292249,0,114947,0,114947,1292250,1292249,0,0,0,0,0,0,0,0,208450,0,208450,0,208450,0,0,0,0,0,6254,214704,214704,0,214704,0,0,0,0,214704,0,0,0,0,214704,330000,3188,0,0,333188,0,118480,43,6254,0
157,267566687,2017,ITR-3,MISSING,MISSING,0.1,0,360156,0,0,0,360156,0,0,0,0,0,0,0,0,0,0,814,0,0,0,814,360970,0,360970,0,360970,0,0,50914,0,50914,310060,0,0,310060,0,0,0,0,0,6006,0,0,6006,5000,1006,0,0,0,0,0,30,1036,1036,0,1036,0,0,0,0,1036,0,0,0,0,1036,0,0,0,1050,1050,0,10,40,30,0
158,267575919,2017,ITR-3,MISSING,MISSING,0.1,0,370150,0,0,0,370150,0,0,0,0,0,0,0,0,0,0,0,0,0,0,0,370150,801,369349,0,369349,0,0,30505,0,30505,338840,0,0,338840,0,0,0,0,0,8884,0,0,8884,5000,3884,0,0,0,0,0,117,4001,4001,0,4001,0,0,0,0,4001,0,0,0,0,4001,0,0,0,4000,4000,0,0,58,117,0
159,267576422,2017,ITR-3,MISSING,MISSING,0.1,107904,0,0,0,0,0,0,0,0,0,0,0,0,0,0,0,291752,0,0,0,291752,399656,0,399656,0,399656,0,0,31202,0,31202,368450,0,0,368450,0,0,0,0,0,6845,0,0,6845,5000,1845,0,0,0,0,0,55,1900,1900,0,1900,0,0,0,0,1900,0,0,0,0,1900,0,200,0,1700,1900,0,0,73,55,1
160,267589771,2017,ITR-3,MISSING,MISSING,0.1,0,476508,0,0,0,476508,0,0,0,0,0,0,0,0,0,0,11099,0,0,0,11099,487607,37993,449614,0,449614,0,0,152797,0,152797,296820,0,0,296820,0,0,0,0,0,4682,0,0,4682,4682,0,0,0,0,0,0,0,0,0,0,0,0,0,0,0,0,0,0,0,0,0,0,0,0,0,0,0,0,54,0,0
161,267600012,2017,ITR-3,MISSING,MISSING,0.1,0,329130,0,0,0,329130,0,0,0,0,0,0,0,0,0,0,0,0,0,0,0,329130,0,329130,0,329130,0,0,0,0,0,329130,0,110100,439230,0,0,0,0,0,18923,0,11010,7913,5000,2913,0,0,0,0,0,87,3000,3000,0,3000,0,0,0,0,3000,0,0,0,0,3000,0,0,0,3000,3000,0,0,24,87,0
162,267646979,2017,ITR-3,MISSING,MISSING,0.1,0,258219,0,0,0,258219,0,0,0,0,0,0,0,0,0,0,1141,0,0,0,1141,259360,0,259360,0,259360,0,0,1141,0,1141,258220,0,0,258220,0,0,0,0,0,822,0,0,822,822,0,0,0,0,0,0,0,0,0,0,0,0,0,0,0,0,0,0,0,0,0,0,0,0,0,0,0,0,32,0,0
163,267659398,2017,ITR-3,MISSING,MISSING,0.1,0,277925,0,0,0,277925,0,0,0,0,0,0,0,0,0,0,2894,0,0,0,2894,280819,0,280819,0,280819,0,0,2894,0,2894,277930,0,0,277930,0,0,0,0,0,2793,0,0,2793,2793,0,0,0,0,0,0,0,0,0,0,0,0,0,0,0,0,0,0,0,0,0,0,0,0,0,0,0,0,45,0,0
164,267669568,2017,ITR-3,MISSING,MISSING,0.1,0,371200,0,0,0,371200,0,0,0,0,0,0,0,0,0,0,1850,0,0,0,1850,373050,0,373050,0,373050,0,0,63350,0,63350,309700,0,0,309700,0,0,0,0,0,5970,0,0,5970,5000,970,0,0,0,0,0,29,999,999,0,999,0,0,0,0,999,0,0,0,0,999,0,0,0,1000,1000,0,0,45,29,0
165,267679409,2017,ITR-3,MISSING,MISSING,0.1,0,68370,0,0,0,68370,0,0,0,0,0,0,0,0,0,0,232391,0,0,0,232391,300761,0,300761,0,300761,0,0,6641,0,6641,294120,0,190000,484120,0,0,0,0,0,23412,0,19000,4412,4412,0,0,0,0,0,0,0,0,0,0,0,0,0,0,0,0,0,0,0,0,0,0,0,0,0,0,0,0,33,0,0
166,267687089,2017,ITR-3,MISSING,MISSING,0.1,0,853304,0,0,0,853304,0,0,0,0,0,0,0,0,0,0,0,0,0,0,0,853304,0,853304,0,853304,0,0,38580,0,38580,814720,0,0,814720,0,0,0,0,0,87944,0,0,87944,0,87944,0,0,0,0,0,2638,90582,90582,0,90582,0,0,0,0,90582,0,672,1695,2367,92949,0,56930,0,36019,92949,0,0,29,2638,0
167,267702895,2017,ITR-3,MISSING,MISSING,0.1,0,318216,0,0,0,318216,0,0,0,0,0,0,0,0,0,0,0,0,0,0,0,318216,0,318216,0,318216,0,0,25000,0,25000,293220,0,0,293220,0,0,0,0,0,4322,0,0,4322,4322,0,0,0,0,0,0,0,0,0,0,0,0,0,0,0,0,0,0,0,0,0,0,0,0,0,0,0,0,31,0,0
168,267711539,2017,ITR-3,MISSING,MISSING,0.1,0,211550,0,0,0,211550,0,0,0,0,0,0,0,0,0,0,81000,0,0,0,81000,292550,0,292550,0,292550,0,0,0,0,0,292550,0,0,292550,0,0,0,0,0,4255,0,0,4255,4255,0,0,0,0,0,0,0,0,0,0,0,0,0,0,0,0,0,0,0,0,0,0,106,0,0,106,0,110,52,0,0
169,267721237,2017,ITR-3,MISSING,MISSING,0.1,0,222915,0,0,0,222915,0,0,0,0,0,0,0,0,0,0,1902,0,0,0,1902,224817,0,224817,0,224817,0,0,1799,0,1799,223020,0,139920,362940,0,0,0,0,0,0,0,0,0,0,0,0,0,0,0,0,0,0,0,0,0,0,0,0,0,0,0,0,0,0,0,0,0,0,0,0,0,0,45,0,0
170,267728754,2017,ITR-3,MISSING,MISSING,0.1,0,268048,0,0,0,268048,0,0,0,0,0,0,0,0,0,0,0,0,0,0,0,268048,0,268048,0,268048,0,0,4769,0,4769,263280,0,0,263280,0,0,0,0,0,1328,0,0,1328,1328,0,0,0,0,0,0,0,0,0,0,0,0,0,0,0,0,0,0,0,0,0,0,0,0,0,0,0,0,44,0,0
171,267732448,2017,ITR-3,MISSING,MISSING,0.1,0,356229,0,0,0,356229,0,0,0,0,0,0,0,0,0,0,26856,0,0,0,26856,383085,0,383085,0,383085,0,0,72720,0,72720,310370,0,0,310370,0,0,0,0,0,6037,0,0,6037,5000,1037,0,0,0,0,0,31,1068,1068,0,1068,0,0,0,0,1068,0,0,0,0,1068,0,2277,0,0,2277,0,1210,47,31,0
172,267753758,2017,ITR-3,MISSING,MISSING,0.1,0,305000,0,0,0,305000,0,0,0,0,0,0,0,0,0,0,0,0,0,0,0,305000,0,305000,0,305000,0,0,0,0,0,305000,0,0,305000,0,0,0,0,0,5500,0,0,5500,5000,500,0,0,0,0,0,15,515,515,0,515,0,0,0,0,515,0,0,0,0,515,0,0,0,520,520,0,0,43,15,0
173,267764491,2017,ITR-3,MISSING,MISSING,0.1,0,400500,0,0,0,400500,0,0,0,0,0,0,0,0,0,0,7800,0,0,0,7800,408300,0,408300,0,408300,0,0,75000,0,75000,333300,0,0,333300,0,0,0,0,0,8330,0,0,8330,5000,3330,0,0,0,0,0,100,3430,3430,0,3430,0,0,0,0,3430,0,0,0,0,3430,0,0,0,3430,3430,0,0,30,100,0
174,267767075,2017,ITR-3,MISSING,MISSING,0.1,0,299582,0,0,0,299582,0,0,0,0,0,0,0,0,0,0,1345,0,0,0,1345,300927,0,300927,0,300927,0,0,820,0,820,300110,0,0,300110,0,0,0,0,0,0,0,0,0,0,0,0,0,0,0,0,0,0,0,0,0,0,0,0,0,0,0,0,0,0,0,0,0,0,0,0,0,0,84,0,2
175,267791162,2017,ITR-3,MISSING,MISSING,0.1,0,275881,0,0,0,275881,0,0,0,0,0,0,0,0,0,0,14382,0,0,0,14382,290263,0,290263,0,290263,0,0,4039,0,4039,286220,0,0,286220,0,0,0,0,0,3622,0,0,3622,3622,0,0,0,0,0,0,0,0,0,0,0,0,0,0,0,0,0,0,0,0,0,0,0,0,0,0,0,0,30,0,0
176,267792569,2017,ITR-3,MISSING,MISSING,0.1,0,839438,0,0,0,839438,0,0,0,0,0,0,0,0,0,0,0,0,0,0,0,839438,73410,766028,0,766028,0,0,150000,0,150000,616030,0,0,616030,0,0,0,0,0,43206,0,0,43206,0,43206,0,0,0,0,0,1296,44502,44502,0,44502,0,0,0,0,44502,0,890,2242,3132,47634,0,0,0,54912,54912,0,7280,61,1296,1
177,267837129,2017,ITR-3,MISSING,MISSING,0.1,0,41854,0,0,0,41854,0,0,0,0,0,0,0,0,0,0,5829,0,0,0,5829,47683,0,47683,0,47683,0,0,0,0,0,47680,0,0,0,0,0,0,0,0,0,0,0,0,0,0,0,0,0,0,0,0,0,0,0,0,0,0,0,0,0,0,0,0,0,0,0,0,0,0,0,0,0,55,0,0
178,267902462,2017,ITR-3,MISSING,MISSING,0.1,0,42745,0,0,0,42745,0,0,0,0,0,0,0,0,0,0,44439,0,0,0,44439,87184,0,87184,0,87184,0,0,10000,0,10000,77180,0,229306,306486,0,0,0,0,0,25862,0,25862,0,0,0,0,0,0,0,0,0,0,0,0,0,0,0,0,0,0,0,0,0,0,0,0,0,0,0,0,0,0,67,0,1
179,267905509,2017,ITR-3,MISSING,MISSING,0.1,0,1013099,0,0,0,1013099,0,0,0,0,0,0,0,0,0,0,27609,0,0,0,27609,1040708,0,1040708,0,1040708,0,0,160000,0,160000,880710,0,0,880710,0,0,0,0,0,101142,0,0,101142,0,101142,0,0,0,0,0,3034,104176,104176,0,104176,0,0,0,0,104176,0,2082,5256,7338,111514,0,0,0,111510,111510,0,0,42,3034,0
180,267934779,2017,ITR-3,MISSING,MISSING,0.1,0,402516,0,0,0,402516,0,0,0,0,0,0,0,0,0,0,289142,0,0,0,289142,691658,0,691658,0,691658,0,0,115741,0,115741,575920,0,0,575920,0,0,0,0,0,35184,0,0,35184,0,35184,0,0,0,0,0,1056,36240,36240,0,36240,0,0,0,0,36240,0,724,1826,2550,38790,0,0,0,38790,38790,0,0,61,1056,1
181,267937500,2017,ITR-3,MISSING,MISSING,0.1,0,646344,0,0,0,646344,0,0,0,29319,0,29319,0,8300,8300,37619,169689,0,0,0,169689,853652,0,853652,0,853652,8300,0,145816,0,145816,707840,8300,0,699540,0,0,0,0,0,64908,1660,0,66568,0,66568,0,0,0,0,0,1997,68565,68565,0,68565,0,0,0,0,68565,0,974,2215,3189,71754,0,19799,0,51955,71754,0,0,32,1997,0
182,267987108,2017,ITR-3,MISSING,MISSING,0.1,0,564024,0,0,0,564024,0,0,0,0,0,0,0,0,0,0,0,0,0,0,0,564024,0,564024,0,564024,0,0,235000,0,235000,329020,0,0,329020,0,0,0,0,0,7902,0,0,7902,5000,2902,0,0,0,0,0,87,2989,2989,0,2989,0,0,0,0,2989,0,0,0,0,2989,0,0,0,0,0,2990,0,39,87,0
183,268012455,2017,ITR-3,MISSING,MISSING,0.1,0,855100,18193,0,0,873293,26383,0,0,0,0,26383,0,0,0,26383,24128,0,0,0,24128,923804,0,923804,26383,897421,0,0,160000,0,160000,737420,0,0,737420,0,0,0,0,0,72484,0,0,72484,0,72484,0,0,0,0,0,2175,74659,74659,0,74659,0,0,0,0,74659,0,0,333,333,74992,105000,0,0,0,105000,0,30010,42,2175,0
184,268070843,2017,ITR-3,MISSING,MISSING,0.1,0,344880,0,0,0,344880,0,0,0,0,0,0,0,0,0,0,499864,0,0,0,499864,844744,0,844744,0,844744,0,0,154774,0,154774,689970,0,0,689970,0,0,0,0,0,62994,0,0,62994,0,62994,0,0,0,0,0,1890,64884,64884,0,64884,0,0,0,0,64884,0,88,1433,1521,66405,30000,30471,0,5930,66401,0,0,39,1890,0
185,268136595,2017,ITR-3,MISSING,MISSING,0.1,0,703320,0,0,0,703320,0,0,0,0,0,0,0,0,0,0,22020,0,0,0,22020,725340,43350,681990,0,681990,0,0,160000,0,160000,521990,0,0,521990,0,0,0,0,0,29398,0,0,29398,0,29398,0,0,0,0,0,882,30280,30280,0,30280,0,0,0,0,30280,0,244,617,861,31141,0,18000,0,13140,31140,0,0,40,882,0
186,268138071,2017,ITR-3,MISSING,MISSING,0.1,0,70965,0,0,0,70965,0,0,0,0,0,0,0,0,0,0,0,0,0,0,0,70965,0,70965,0,70965,0,0,0,0,0,70970,0,0,0,0,0,0,0,0,0,0,0,0,0,0,0,0,0,0,0,0,0,0,0,0,0,0,0,0,0,0,0,0,0,0,0,3586,0,0,3586,0,3590,52,0,0
187,268146287,2017,ITR-3,MISSING,MISSING,0.1,0,1138176,0,0,0,1138176,0,0,0,0,0,0,0,0,0,0,0,0,0,0,0,1138176,0,1138176,0,1138176,0,0,70173,0,70173,1068000,0,0,1068000,0,0,0,0,0,145400,0,0,145400,0,145400,0,0,0,0,0,4362,149762,149762,0,149762,0,0,0,0,149762,0,0,219,219,149981,150000,0,0,0,150000,0,20,40,4362,0
188,268166957,2017,ITR-3,MISSING,MISSING,0.1,0,230058,0,0,0,230058,0,0,0,0,0,0,0,0,0,0,0,0,0,0,0,230058,0,230058,0,230058,0,0,0,0,0,230060,0,0,0,0,0,0,0,0,0,0,0,0,0,0,0,0,0,0,0,0,0,0,0,0,0,0,0,0,0,0,0,0,0,0,0,14265,0,0,14265,0,14270,35,0,0
189,268197510,2017,ITR-3,MISSING,MISSING,72000.1,0,927525,0,0,0,927525,0,0,0,0,0,0,0,0,0,0,264,0,0,0,264,999789,0,999789,0,999789,0,0,164978,0,164978,834810,0,0,834810,0,0,0,0,0,91962,0,0,91962,0,91962,0,0,0,0,0,2759,94721,94721,0,94721,0,0,0,0,94721,0,694,2381,3075,97796,60000,0,0,37800,97800,0,0,57,2759,0
190,268207188,2017,ITR-3,MISSING,MISSING,0.1,0,405327,0,0,0,405327,0,0,0,0,0,0,0,175314,175314,175314,9216,0,0,0,9216,589857,25316,564541,0,564541,149998,0,152423,0,152423,412120,149998,0,262122,0,0,0,0,0,1212,30000,0,31212,5000,26212,0,0,0,0,0,786,26998,26998,0,26998,0,0,0,0,26998,0,138,1107,1245,28243,20000,0,0,8240,28240,0,0,49,786,0
191,268222104,2017,ITR-3,MISSING,MISSING,0.1,74200,0,0,0,0,0,0,0,0,0,0,0,0,0,0,0,0,0,0,0,0,74200,43063,31137,0,31137,0,0,0,0,0,31140,0,0,31140,0,0,0,0,0,0,0,0,0,0,0,0,0,0,0,0,0,0,0,0,0,0,0,0,0,0,0,0,0,0,0,0,0,0,0,0,0,0,64,0,1
192,268240905,2017,ITR-3,MISSING,MISSING,0.1,0,649930,0,0,0,649930,0,0,0,0,0,0,0,0,0,0,309421,0,0,0,309421,959351,0,959351,0,959351,0,0,160203,0,160203,799150,0,0,799150,0,0,0,0,0,79830,0,0,79830,0,79830,0,0,0,0,0,2395,82225,82225,0,82225,0,0,0,0,82225,0,0,339,339,82564,21000,63330,0,0,84330,0,1770,61,2395,1
193,268305869,2017,ITR-3,MISSING,MISSING,56050.1,0,2069961,0,0,0,2069961,0,0,0,0,0,0,0,140724,140724,140724,15115,0,0,0,15115,2281850,13071,2268779,0,2268779,140724,0,161533,0,161533,2107250,140724,0,1966526,0,0,0,0,0,414956,28145,0,443101,0,443101,0,0,0,0,0,13293,456394,456394,0,456394,0,0,0,0,456394,0,6926,18640,25566,481960,110000,0,0,372850,482850,0,890,33,13293,0
194,268377825,2017,ITR-3,MISSING,MISSING,0.1,29400,508454,0,0,0,508454,0,0,0,0,0,0,0,53636,53636,53636,19474,0,0,0,19474,610964,0,610964,0,610964,53636,0,111146,0,111146,499820,53636,0,446184,0,0,0,0,0,19618,10727,0,30345,5000,25345,0,0,0,0,0,760,26105,26105,0,26105,0,0,0,0,26105,0,522,1314,1836,27941,0,0,0,27940,27940,0,0,40,760,0
195,268469599,2017,ITR-3,MISSING,MISSING,0.1,0,597912,0,0,0,597912,0,0,0,0,0,0,0,0,0,0,586,0,0,0,586,598498,0,598498,0,598498,0,0,12979,0,12979,585520,0,0,585520,0,0,0,0,0,42104,0,0,42104,0,42104,0,0,0,0,0,1263,43367,43367,0,43367,0,0,0,0,43367,0,866,2188,3054,46421,0,0,0,46420,46420,0,0,27,1263,0
196,268472521,2017,ITR-3,MISSING,MISSING,0.1,52500,468365,0,0,0,468365,0,0,0,0,0,0,0,0,0,0,14474,0,0,0,14474,535339,0,535339,0,535339,0,0,36304,0,36304,499040,0,0,499040,0,0,0,0,0,24904,0,0,24904,5000,19904,0,0,0,0,0,597,20501,20501,0,20501,0,0,0,0,20501,0,350,820,1170,21671,3000,0,0,18670,21670,0,0,53,597,0
197,268527911,2017,ITR-3,MISSING,MISSING,0.1,0,627410,0,0,0,627410,18368,0,0,0,0,18368,0,0,0,18368,12052,0,0,0,12052,657830,0,657830,4316,653514,14052,0,153655,0,153655,499860,14052,54110,539918,0,0,0,0,0,32984,2108,5411,29681,5000,24681,0,0,0,0,0,740,25421,25421,0,25421,0,0,0,0,25421,0,0,0,0,25421,30000,0,0,0,30000,0,4580,37,740,0
198,268532882,2017,ITR-3,MISSING,MISSING,0.1,0,611890,0,0,0,611890,0,0,0,0,0,0,0,0,0,0,16293,0,0,0,16293,628183,0,628183,0,628183,0,0,160000,0,160000,468180,0,0,468180,0,0,0,0,0,21818,0,0,21818,5000,16818,0,0,0,0,0,505,17323,17323,0,17323,0,0,0,0,17323,0,0,306,306,17629,18000,0,0,0,18000,0,370,32,505,0
199,268559295,2017,ITR-3,MISSING,MISSING,731760.1,0,91480,0,0,0,91480,0,0,0,0,0,0,0,0,0,0,250165,0,0,0,250165,1073405,0,1073405,0,1073405,0,0,154356,0,154356,919050,0,0,919050,0,0,0,0,0,108812,0,0,108812,0,108812,0,0,0,0,0,3264,112076,112076,0,112076,0,0,0,0,112076,0,960,2424,3384,115460,0,64032,0,51430,115462,0,0,54,3264,0
